[
  {
    "ip": "10.10.10.1",
    "hostname": "workstation.node.zero",
    "mac": "00:11:22:33:44:55",
    "username": "admin",
    "password": "password",
    "filesystem": "Filesystem_1.json",
    "motd": "Welcome to workstation.node.zero",
    "description": "Primary user workstation",
    "ports": ["22", "80"],
    "interfaces": [
      {
        "name": "eth0",
        "ip": "10.10.10.1",
        "subnet": "255.255.255.0",
        "mac": "00:11:22:33:44:55"
      }
    ]
  }
]
